model,accuracy,precision,recall,f1,roc_auc
LogReg TF-IDF,0.9917594654788419,0.9895348837209302,0.9932306255835668,0.9913793103448276,0.9994057958220198
Linear SVM TF-IDF,0.995879732739421,0.9941819874330928,0.9971988795518207,0.9956881482344715,
Random Forest TF-IDF,0.995879732739421,0.9944121071012806,0.9969654528478058,0.9956871430236625,
